mode,dice_full,dice_at_cov_70,dice_at_cov_80,dice_at_cov_90
baseline,0.8126626965052126,0.8255564730756165,0.8263854887335195,0.8261364880969168
tta,0.8181724640387785,0.841682189365404,0.841555499910174,0.8348116014181868
