{
  "checkpoint": "/workspace/logs/run_base_cnn_phase1_matched_20260509-024641/best_model.pth",
  "arch": "cnn",
  "output_mode": "softmax",
  "n_val_cases": 251,
  "temperature": 1.6690456867218018,
  "calibration_brain": {
    "baseline": {
      "ET": {
        "ece": 0.0017615153040900584,
        "ace": 0.001750946821385176,
        "mce": 0.17176698004757918
      },
      "TC": {
        "ece": 0.008149027656867711,
        "ace": 0.008149014232821213,
        "mce": 0.2774862036472414
      },
      "WT": {
        "ece": 0.004884867524067672,
        "ace": 0.004884849256846999,
        "mce": 0.13029800723022744
      }
    },
    "ts": {
      "ET": {
        "ece": 0.0007433703149338962,
        "ace": 0.0009166869390533352,
        "mce": 0.07036219928983001
      },
      "TC": {
        "ece": 0.006402565034143455,
        "ace": 0.006409628066883613,
        "mce": 0.19354327872830301
      },
      "WT": {
        "ece": 0.002304645822402066,
        "ace": 0.0026345085713018073,
        "mce": 0.020820008031632864
      }
    },
    "tta": {
      "ET": {
        "ece": 0.0013693715854588358,
        "ace": 0.0013694180328532538,
        "mce": 0.11031150067365814
      },
      "TC": {
        "ece": 0.007465027604741893,
        "ace": 0.007463189423202974,
        "mce": 0.25262535620642357
      },
      "WT": {
        "ece": 0.0038623762069589346,
        "ace": 0.0038623883011806616,
        "mce": 0.09257948886008383
      }
    }
  },
  "calibration_pos": {
    "baseline": {
      "ET": {
        "ece": 0.0911218940288751,
        "ace": 0.09112195403995785,
        "n_voxels": 764053
      },
      "TC": {
        "ece": 0.19925575154334801,
        "ace": 0.19925575381852179,
        "n_voxels": 947314
      },
      "WT": {
        "ece": 0.05483231955446559,
        "ace": 0.05479770617287167,
        "n_voxels": 1001626
      }
    },
    "ts": {
      "ET": {
        "ece": 0.07092093809397132,
        "ace": 0.07089065271615753,
        "n_voxels": 764053
      },
      "TC": {
        "ece": 0.18013699636216193,
        "ace": 0.18013703812550563,
        "n_voxels": 947314
      },
      "WT": {
        "ece": 0.03511817826453134,
        "ace": 0.03511818025929519,
        "n_voxels": 1001626
      }
    },
    "tta": {
      "ET": {
        "ece": 0.08045925611375292,
        "ace": 0.08045922288490828,
        "n_voxels": 764053
      },
      "TC": {
        "ece": 0.1899949611535114,
        "ace": 0.18999491776218524,
        "n_voxels": 947314
      },
      "WT": {
        "ece": 0.04830453229211912,
        "ace": 0.04830448557164548,
        "n_voxels": 1001626
      }
    }
  },
  "calibration_note": "calibration_brain restricts ECE/ACE to brain foreground (fg=image[4]>0.5). calibration_pos restricts to tumor voxels of each region (fg AND gt_region). The pre-fix code sampled the full volume which produced trivially low ECE \u2014 see ECE audit notes.",
  "spearman_unc_error": {
    "baseline": 0.07420331407273213,
    "tta": 0.07394965617654406
  },
  "aurc": {
    "baseline": 0.19833306120948246,
    "tta": 0.17930326079083492
  },
  "dice_at_coverage": {
    "baseline": {
      "0.7": 0.8255564730756165,
      "0.8": 0.8263854887335195,
      "0.9": 0.8261364880969168,
      "1.0": 0.8126626965052126
    },
    "tta": {
      "0.7": 0.841682189365404,
      "0.8": 0.841555499910174,
      "0.9": 0.8348116014181868,
      "1.0": 0.8181724640387785
    }
  },
  "has_dropout": false,
  "postprocess": {
    "et_vmin": 1000,
    "tc_vmin": 0
  },
  "vmin_sweep_best": null
}