Method,Dice ET,Dice TC,Dice WT,ECE_brain,ACE_brain,ECE_pos,ACE_pos,HD95,NSD,AUC,AURC
3D UNet baseline,0.7316244816582941,0.7865678857989419,0.9197957220584018,0.004931803495008481,0.004928270103684463,0.11506998837556291,0.11505847134378376,7.2692754735409375,0.7772730956238146,0.9859449749004,0.19833306120948246
+ Temperature Scale,0.731628085268347,0.7865753957625364,0.9197958419159852,0.003150193723826472,0.003320274525746252,0.09539203757355486,0.09538195703365278,7.268861525831088,0.7772818329852668,0.9848298394980363,
+ TTA,0.7433304319948202,0.7880603454494234,0.9231266146720919,0.004232258465719888,0.004231665252412296,0.10625291651979447,0.10625287540624632,6.935681013865935,0.782071228445411,0.9884119604424347,0.17930326079083492
+ Post-process (et_vmin=1000),0.7566030105678585,0.7865678857989419,0.9197957220584018,,,,,7.149594825454974,0.7810587419779791,0.9859449749004,
+ TTA + Post-process (et_vmin=1000),0.7647046682396074,0.7880603454494234,0.9231266146720919,,,,,6.750491960466593,0.7873541369960455,0.9884119604424347,
+ Temp Scale + Post-process (et_vmin=1000),0.7566020132135456,0.7865753957625364,0.9197958419159852,,,,,7.149166585381188,0.781064650002858,0.9848298394980363,
