mode,dice_full,dice_at_cov_70,dice_at_cov_80,dice_at_cov_90
baseline,0.8238674504149824,0.8279181305004752,0.8310719716764111,0.8363458897112569
tta,0.8297442247337153,0.8439173445729033,0.8455840187931878,0.8436117221112219
mc_dropout,0.8236479951719164,0.827845120584088,0.8319449831785504,0.8362044606552589
