{
  "checkpoint": "logs/run_full_phase6_20260512-205520/snapshot_top1.pth",
  "arch": "transformer",
  "output_mode": "softmax",
  "n_val_cases": 251,
  "temperature": 1.6862387657165527,
  "calibration_brain": {
    "baseline": {
      "ET": {
        "ece": 0.001577427490773926,
        "ace": 0.0015766310210959303,
        "mce": 0.15996611569582098
      },
      "TC": {
        "ece": 0.0079108525239733,
        "ace": 0.007903346524295578,
        "mce": 0.2419356503090796
      },
      "WT": {
        "ece": 0.004407246717537494,
        "ace": 0.004407226030866942,
        "mce": 0.12214052242635731
      }
    },
    "ts": {
      "ET": {
        "ece": 0.0003685518838613704,
        "ace": 0.0010358917912045313,
        "mce": 0.0657278042170858
      },
      "TC": {
        "ece": 0.006104634700484044,
        "ace": 0.006346335474416564,
        "mce": 0.15601107511627543
      },
      "WT": {
        "ece": 0.0022697093531310955,
        "ace": 0.0023449751408807723,
        "mce": 0.01546414454801992
      }
    },
    "tta": {
      "ET": {
        "ece": 0.0012328521243011293,
        "ace": 0.0012339014123635582,
        "mce": 0.1142303069976911
      },
      "TC": {
        "ece": 0.007044912888531159,
        "ace": 0.007031174485783193,
        "mce": 0.21968390829011752
      },
      "WT": {
        "ece": 0.0033644605981282437,
        "ace": 0.003312488694946135,
        "mce": 0.08789117942309244
      }
    },
    "mc_dropout": {
      "ET": {
        "ece": 0.0015601042121410986,
        "ace": 0.0015458749807569715,
        "mce": 0.15882070281635075
      },
      "TC": {
        "ece": 0.007902324223067216,
        "ace": 0.007895101416752157,
        "mce": 0.23759303904961848
      },
      "WT": {
        "ece": 0.004302678415262384,
        "ace": 0.004302678432241372,
        "mce": 0.12117277312920083
      }
    }
  },
  "calibration_pos": {
    "baseline": {
      "ET": {
        "ece": 0.0967357155065355,
        "ace": 0.09673579593968634,
        "n_voxels": 764053
      },
      "TC": {
        "ece": 0.21295785673581902,
        "ace": 0.2129578479946468,
        "n_voxels": 947314
      },
      "WT": {
        "ece": 0.054510778672468854,
        "ace": 0.05449586348175555,
        "n_voxels": 1001626
      }
    },
    "ts": {
      "ET": {
        "ece": 0.07435420539382916,
        "ace": 0.07435416383932372,
        "n_voxels": 764053
      },
      "TC": {
        "ece": 0.19583293550746478,
        "ace": 0.19583308466158975,
        "n_voxels": 947314
      },
      "WT": {
        "ece": 0.03789016646287324,
        "ace": 0.037839689323454266,
        "n_voxels": 1001626
      }
    },
    "tta": {
      "ET": {
        "ece": 0.08698937046198077,
        "ace": 0.08698937257296221,
        "n_voxels": 764053
      },
      "TC": {
        "ece": 0.1982645575939992,
        "ace": 0.19826458615208592,
        "n_voxels": 947314
      },
      "WT": {
        "ece": 0.04559809602102206,
        "ace": 0.045574875999503356,
        "n_voxels": 1001626
      }
    },
    "mc_dropout": {
      "ET": {
        "ece": 0.0945647785563791,
        "ace": 0.0945647527893779,
        "n_voxels": 764053
      },
      "TC": {
        "ece": 0.213481176348865,
        "ace": 0.21348120848154167,
        "n_voxels": 947314
      },
      "WT": {
        "ece": 0.05513159924924831,
        "ace": 0.05513167452154561,
        "n_voxels": 1001626
      }
    }
  },
  "calibration_note": "calibration_brain restricts ECE/ACE to brain foreground (fg=image[4]>0.5). calibration_pos restricts to tumor voxels of each region (fg AND gt_region). The pre-fix code sampled the full volume which produced trivially low ECE \u2014 see ECE audit notes.",
  "spearman_unc_error": {
    "baseline": 0.07105331863949552,
    "tta": 0.0714725160541908,
    "mc_dropout": 0.07006229317898045
  },
  "aurc": {
    "baseline": 0.20720062679446843,
    "tta": 0.1907990207562579,
    "mc_dropout": 0.20714819391103684
  },
  "dice_at_coverage": {
    "baseline": {
      "0.7": 0.8279181305004752,
      "0.8": 0.8310719716764111,
      "0.9": 0.8363458897112569,
      "1.0": 0.8238674504149824
    },
    "tta": {
      "0.7": 0.8439173445729033,
      "0.8": 0.8455840187931878,
      "0.9": 0.8436117221112219,
      "1.0": 0.8297442247337153
    },
    "mc_dropout": {
      "0.7": 0.827845120584088,
      "0.8": 0.8319449831785504,
      "0.9": 0.8362044606552589,
      "1.0": 0.8236479951719164
    }
  },
  "has_dropout": true,
  "postprocess": {
    "et_vmin": 1000,
    "tc_vmin": 0
  },
  "vmin_sweep_best": null,
  "ensemble_members": null,
  "tta_extended": false,
  "sw_overlap": 0.5
}