Method,Dice ET,Dice TC,Dice WT,ECE_brain,ACE_brain,ECE_pos,ACE_pos,HD95,NSD,AUC,AURC
Transformer baseline,0.768007395123544,0.7784616398403778,0.9251333162810258,0.004631842244094907,0.004629067858752817,0.12140145030494111,0.12139650247202956,6.319606201361257,0.7886763704405662,0.9886492823596577,0.20720062679446843
+ Temperature Scale,0.7680045817571765,0.7784674454513109,0.9251329118085672,0.0029142986458255034,0.003242400802167289,0.10269243578805572,0.10267564594145591,6.319400045381371,0.7886756611684113,0.9882760646650228,
+ MC Dropout,0.7681643241064199,0.777703629256049,0.9250760321532807,0.0045883689501569,0.0045812182765835,0.12105918471816414,0.12105921193082171,6.318242707996504,0.7884030880043217,0.9856796649313879,0.20714819391103684
+ TTA,0.779389634878377,0.7807675310599783,0.9290755082627907,0.003880741870320177,0.0038591881976976286,0.11028400802566733,0.11027627824151716,6.1847278675008805,0.7960725466507635,0.9927156224504871,0.1907990207562579
+ Post-process (et_vmin=1000),0.7865406531827905,0.7784616398403778,0.9251333162810258,,,,,6.119369744562445,0.7964437318504862,0.9886492823596577,
+ TTA + Post-process (et_vmin=1000),0.7888076322667118,0.7807675310599783,0.9290755082627907,,,,,5.948393869955293,0.8033469485867466,0.9927156224504871,
+ MC Dropout + Post-process (et_vmin=1000),0.7867904588215863,0.777703629256049,0.9250760321532807,,,,,6.11602016578392,0.7962478815756349,0.9856796649313879,
+ Temp Scale + Post-process (et_vmin=1000),0.7865417406648473,0.7784674454513109,0.9251329118085672,,,,,6.119112523788984,0.7964426431648098,0.9882760646650228,
