{
  "checkpoint": "logs/run_hybrid_20260518-194903/best_model.pth",
  "arch": "cnn",
  "output_mode": "softmax",
  "n_val_cases": 251,
  "temperature": 1.7487908601760864,
  "calibration_brain": {
    "baseline": {
      "ET": {
        "ece": 0.0015978112345434948,
        "ace": 0.0015980869524507338,
        "mce": 0.18117068998097585
      },
      "TC": {
        "ece": 0.007766328325190864,
        "ace": 0.00776642170857148,
        "mce": 0.27933437672324324
      },
      "WT": {
        "ece": 0.00439224829622708,
        "ace": 0.004392138642618846,
        "mce": 0.13511396974816736
      }
    },
    "ts": {
      "ET": {
        "ece": 0.0003848462040087208,
        "ace": 0.0006823864973992532,
        "mce": 0.051556446004321965
      },
      "TC": {
        "ece": 0.0057294904196048095,
        "ace": 0.006099878912190518,
        "mce": 0.1832882997452393
      },
      "WT": {
        "ece": 0.00147209079860457,
        "ace": 0.0012076300772062938,
        "mce": 0.018410785745013314
      }
    },
    "tta": {
      "ET": {
        "ece": 0.0011536186900865154,
        "ace": 0.0011361891366096046,
        "mce": 0.11141284679524355
      },
      "TC": {
        "ece": 0.006612816447340122,
        "ace": 0.006605487800155024,
        "mce": 0.2332252277995328
      },
      "WT": {
        "ece": 0.00317369256373425,
        "ace": 0.003172603995320334,
        "mce": 0.07739172226815982
      }
    },
    "mc_dropout": {
      "ET": {
        "ece": 0.0015222889049594783,
        "ace": 0.0015129718221278884,
        "mce": 0.17584778483431063
      },
      "TC": {
        "ece": 0.007655673492417899,
        "ace": 0.007655776312092386,
        "mce": 0.2694419581159653
      },
      "WT": {
        "ece": 0.0041338452474767185,
        "ace": 0.004134031115953171,
        "mce": 0.11885875644563115
      }
    }
  },
  "calibration_pos": {
    "baseline": {
      "ET": {
        "ece": 0.0893976158769728,
        "ace": 0.08939470332774424,
        "n_voxels": 764053
      },
      "TC": {
        "ece": 0.19383725515070713,
        "ace": 0.19383717564817027,
        "n_voxels": 947314
      },
      "WT": {
        "ece": 0.05305602382959765,
        "ace": 0.05305614419214997,
        "n_voxels": 1001626
      }
    },
    "ts": {
      "ET": {
        "ece": 0.05933798078659045,
        "ace": 0.0593378872323561,
        "n_voxels": 764053
      },
      "TC": {
        "ece": 0.17061310921031955,
        "ace": 0.17057346482016147,
        "n_voxels": 947314
      },
      "WT": {
        "ece": 0.031346515221213345,
        "ace": 0.03134627004045572,
        "n_voxels": 1001626
      }
    },
    "tta": {
      "ET": {
        "ece": 0.07752567160545235,
        "ace": 0.07752577031310254,
        "n_voxels": 764053
      },
      "TC": {
        "ece": 0.1774542638829542,
        "ace": 0.17745448651506157,
        "n_voxels": 947314
      },
      "WT": {
        "ece": 0.045120128392421015,
        "ace": 0.0451202931118533,
        "n_voxels": 1001626
      }
    },
    "mc_dropout": {
      "ET": {
        "ece": 0.0876368987080863,
        "ace": 0.08763686602243316,
        "n_voxels": 764053
      },
      "TC": {
        "ece": 0.19204142310299535,
        "ace": 0.19204154569144646,
        "n_voxels": 947314
      },
      "WT": {
        "ece": 0.051616544877700454,
        "ace": 0.051616553961936124,
        "n_voxels": 1001626
      }
    }
  },
  "calibration_note": "calibration_brain restricts ECE/ACE to brain foreground (fg=image[4]>0.5). calibration_pos restricts to tumor voxels of each region (fg AND gt_region). The pre-fix code sampled the full volume which produced trivially low ECE \u2014 see ECE audit notes.",
  "spearman_unc_error": {
    "baseline": 0.07619448977126381,
    "tta": 0.07479865682157497,
    "mc_dropout": 0.0762237047473273
  },
  "aurc": {
    "baseline": 0.18652936693297267,
    "tta": 0.17509911305197795,
    "mc_dropout": 0.18611059018332848
  },
  "dice_at_coverage": {
    "baseline": {
      "0.7": 0.835787360175723,
      "0.8": 0.8360445170666533,
      "0.9": 0.8382032883870817,
      "1.0": 0.8244557252044049
    },
    "tta": {
      "0.7": 0.8416868596221679,
      "0.8": 0.8488500682081054,
      "0.9": 0.8455956582013464,
      "1.0": 0.8298544816836627
    },
    "mc_dropout": {
      "0.7": 0.8370083930777968,
      "0.8": 0.8360700960051076,
      "0.9": 0.8390043871824263,
      "1.0": 0.8244507998028074
    }
  },
  "has_dropout": true,
  "postprocess": {
    "et_vmin": 1000,
    "tc_vmin": 0
  },
  "vmin_sweep_best": [
    {
      "mode": "baseline",
      "tau_et": 0.45,
      "et_vmin": 500,
      "tc_vmin": 0,
      "dice_ET": 0.7866885465910755,
      "dice_TC": 0.8012353163343271,
      "dice_WT": 0.9252709556045614,
      "n_cases": 251,
      "dice_mean": 0.8377316061766548
    },
    {
      "mode": "mc_dropout",
      "tau_et": 0.45,
      "et_vmin": 500,
      "tc_vmin": 0,
      "dice_ET": 0.7834142721122388,
      "dice_TC": 0.8011233016072397,
      "dice_WT": 0.9251671059418698,
      "n_cases": 251,
      "dice_mean": 0.8365682265537827
    },
    {
      "mode": "temperature_scale",
      "tau_et": 0.55,
      "et_vmin": 1000,
      "tc_vmin": 0,
      "dice_ET": 0.7874191210126409,
      "dice_TC": 0.7999593801550635,
      "dice_WT": 0.9251800659802437,
      "n_cases": 251,
      "dice_mean": 0.8375195223826494
    },
    {
      "mode": "tta",
      "tau_et": 0.45,
      "et_vmin": 1500,
      "tc_vmin": 0,
      "dice_ET": 0.788666875426203,
      "dice_TC": 0.8036844382286447,
      "dice_WT": 0.9284083439686254,
      "n_cases": 251,
      "dice_mean": 0.8402532192078244
    }
  ],
  "ensemble_members": null,
  "tta_extended": false,
  "sw_overlap": 0.5
}